G760570	/scicore/home/gagneux/GROUP/tbresearch/genomes/IN_PROGRESS/common_mappings/PipelineTB/v2/G76/05/70	PRJNA1074793	SRR28706557	L2	L2.2.1/Central_Asia/Central_Asia_Outbreak	2022-01-01 00:00:00.000	Kazakhstan
G711624	/scicore/home/gagneux/GROUP/tbresearch/genomes/IN_PROGRESS/common_mappings/PipelineTB/v2/G71/16/24			L2	L2.2.1/Central_Asia		Georgia
G757493	/scicore/home/gagneux/GROUP/tbresearch/genomes/IN_PROGRESS/common_mappings/PipelineTB/v2/G75/74/93	PRJNA766641	SRR28409420	La1	La1.2.BCG	2019-01-01 00:00:00.000	United States of America
G25900	/scicore/home/gagneux/GROUP/tbresearch/genomes/IN_PROGRESS/common_mappings/PipelineTB/v2/G25/90/0		ERR369657	L4	L4.6.2.2		United Kingdom
G49113	/scicore/home/gagneux/GROUP/tbresearch/genomes/IN_PROGRESS/common_mappings/PipelineTB/v2/G49/11/3	PRJEB21809	ERR2041713	L4	L4.8		Serbia
G710925	/scicore/home/gagneux/GROUP/tbresearch/genomes/IN_PROGRESS/common_mappings/PipelineTB/v2/G71/09/25	PRJEB54067	ERR9907736	L4	L4.1.1.1	2017-01-16 00:00:00.000	Namibia
G33728	/scicore/home/gagneux/GROUP/tbresearch/genomes/IN_PROGRESS/common_mappings/PipelineTB/v2/G33/72/8		ERR718400	L4	L4.5		Thailand
G739416	/scicore/home/gagneux/GROUP/tbresearch/genomes/IN_PROGRESS/common_mappings/PipelineTB/v2/G73/94/16	PRJEB62665	ERR11488984	L4	L4.3.2		Mozambique
G754291	/scicore/home/gagneux/GROUP/tbresearch/genomes/IN_PROGRESS/common_mappings/PipelineTB/v2/G75/42/91	PRJNA766641	SRR21657206	L2	L2.2.1.1/Pacific_RD150	2018-01-01 00:00:00.000	United States of America
G725331	/scicore/home/gagneux/GROUP/tbresearch/genomes/IN_PROGRESS/common_mappings/PipelineTB/v2/G72/53/31	PRJEB41201	ERR4814544	L4	L4		United Kingdom
G730106	/scicore/home/gagneux/GROUP/tbresearch/genomes/IN_PROGRESS/common_mappings/PipelineTB/v2/G73/01/06	PRJEB41201	ERR4819596	L4	L4		United Kingdom
G705028	/scicore/home/gagneux/GROUP/tbresearch/genomes/IN_PROGRESS/common_mappings/PipelineTB/v2/G70/50/28	PRJEB41116	ERR4800134	L3	L3.1.2.1		India
G726496	/scicore/home/gagneux/GROUP/tbresearch/genomes/IN_PROGRESS/common_mappings/PipelineTB/v2/G72/64/96	PRJEB41201	ERR4816882	L4	L4.8		United Kingdom
G756617	/scicore/home/gagneux/GROUP/tbresearch/genomes/IN_PROGRESS/common_mappings/PipelineTB/v2/G75/66/17	PRJNA766641	SRR26111987	L2	L2.2.1.2/Asia_African_2	2022-01-01 00:00:00.000	United States of America
G718603	/scicore/home/gagneux/GROUP/tbresearch/genomes/IN_PROGRESS/common_mappings/PipelineTB/v2/G71/86/03	PRJNA834606	SRR22048327	L4	L4.3.1	2016-10-05 00:00:00.000	Italy
G756632	/scicore/home/gagneux/GROUP/tbresearch/genomes/IN_PROGRESS/common_mappings/PipelineTB/v2/G75/66/32	PRJNA766641	SRR26112400	L4	L4	2022-01-01 00:00:00.000	United States of America
G42670	/scicore/home/gagneux/GROUP/tbresearch/genomes/IN_PROGRESS/common_mappings/PipelineTB/v2/G42/67/0			L2	L2.2.1/Central_Asia	2016-01-01 00:00:00.000	Georgia
G65198	/scicore/home/gagneux/GROUP/tbresearch/genomes/IN_PROGRESS/common_mappings/PipelineTB/v2/G65/19/8		ERR3559635	L2	L2.2.1	2018-01-01 00:00:00.000	China
G735696	/scicore/home/gagneux/GROUP/tbresearch/genomes/IN_PROGRESS/common_mappings/PipelineTB/v2/G73/56/96	PRJNA857537	SRR21732378	L3	L3	2018-12-20 00:00:00.000	Australia
G49689	/scicore/home/gagneux/GROUP/tbresearch/genomes/IN_PROGRESS/common_mappings/PipelineTB/v2/G49/68/9		SRR7653611	L2	L2.2.1/Central_Asia	2017-01-01 00:00:00.000	Azerbaijan
G67687	/scicore/home/gagneux/GROUP/tbresearch/genomes/IN_PROGRESS/common_mappings/PipelineTB/v2/G67/68/7	PRJEB49562	ERR12866119;ERR12866118	L3	L3	2021-03-10 00:00:00.000	Tanzania
G42444	/scicore/home/gagneux/GROUP/tbresearch/genomes/IN_PROGRESS/common_mappings/PipelineTB/v2/G42/44/4	PRJEB49562	ERR7801720	L4	L4.3.4.2.1	2018-09-10 00:00:00.000	Tanzania
G752220	/scicore/home/gagneux/GROUP/tbresearch/genomes/IN_PROGRESS/common_mappings/PipelineTB/v2/G75/22/20	PRJNA736718	SRR14801941	L2	L2.2.1/Central_Asia	2018-12-14 00:00:00.000	Moldova
G24098	/scicore/home/gagneux/GROUP/tbresearch/genomes/IN_PROGRESS/common_mappings/PipelineTB/v2/G24/09/8		SRR5073603	L2	L2.2.1	2009-01-01 00:00:00.000	Vietnam
G753993	/scicore/home/gagneux/GROUP/tbresearch/genomes/IN_PROGRESS/common_mappings/PipelineTB/v2/G75/39/93	PRJNA766641	SRR16089843	L4	L4.1.2.1	2018-01-01 00:00:00.000	United States of America
G36891	/scicore/home/gagneux/GROUP/tbresearch/genomes/IN_PROGRESS/common_mappings/PipelineTB/v2/G36/89/1		ERR2815513	La1	La1.4		
G715345	/scicore/home/gagneux/GROUP/tbresearch/genomes/IN_PROGRESS/common_mappings/PipelineTB/v2/G71/53/45	PRJEB44577	ERR8975731	L4	L4.3.2.1		South Africa
G04668	/scicore/home/gagneux/GROUP/tbresearch/genomes/IN_PROGRESS/common_mappings/PipelineTB/v2/G04/66/8		ERR1193900	L4	L4.3.3		Turkmenistan
G02041	/scicore/home/gagneux/GROUP/tbresearch/genomes/IN_PROGRESS/common_mappings/PipelineTB/v2/G02/04/1		ERR1465901	L4	L4.8	2006-01-01 00:00:00.000	Switzerland
G67149	/scicore/home/gagneux/GROUP/tbresearch/genomes/IN_PROGRESS/common_mappings/PipelineTB/v2/G67/14/9	PRJNA384785	SRR13888780	La2	La2		Spain
G24875	/scicore/home/gagneux/GROUP/tbresearch/genomes/IN_PROGRESS/common_mappings/PipelineTB/v2/G24/87/5		SRR5065482	L2	L2.2.1.1/Pacific_RD150	2011-01-01 00:00:00.000	Vietnam
G710574	/scicore/home/gagneux/GROUP/tbresearch/genomes/IN_PROGRESS/common_mappings/PipelineTB/v2/G71/05/74	PRJEB52390	ERR9899670	L4	L4.1	2019-11-08 00:00:00.000	France
G59367	/scicore/home/gagneux/GROUP/tbresearch/genomes/IN_PROGRESS/common_mappings/PipelineTB/v2/G59/36/7	PRJNA436454	SRR6824487	L2	L2.2.1/Asia_Ancestral3	2007-11-22 00:00:00.000	China
G31694	/scicore/home/gagneux/GROUP/tbresearch/genomes/IN_PROGRESS/common_mappings/PipelineTB/v2/G31/69/4			L1	L1.1.1	2012-11-05 00:00:00.000	Thailand
G723659	/scicore/home/gagneux/GROUP/tbresearch/genomes/IN_PROGRESS/common_mappings/PipelineTB/v2/G72/36/59			L2	L2.2.1/Central_Asia/CladeA		Georgia
G701653	/scicore/home/gagneux/GROUP/tbresearch/genomes/IN_PROGRESS/common_mappings/PipelineTB/v2/G70/16/53	PRJEB53138	ERR9786485	L4	L4.8	2013-05-27 00:00:00.000	The Gambia
G717204	/scicore/home/gagneux/GROUP/tbresearch/genomes/IN_PROGRESS/common_mappings/PipelineTB/v2/G71/72/04	PRJEB41199	ERR4813352	L4	L4.3		Peru
G752238	/scicore/home/gagneux/GROUP/tbresearch/genomes/IN_PROGRESS/common_mappings/PipelineTB/v2/G75/22/38	PRJNA736718	SRR14801958	L2	L2.2.1/Central_Asia	2018-11-22 00:00:00.000	Moldova
G705563	/scicore/home/gagneux/GROUP/tbresearch/genomes/IN_PROGRESS/common_mappings/PipelineTB/v2/G70/55/63	PRJEB41116	ERR4796332	L3	L3		India
G717878	/scicore/home/gagneux/GROUP/tbresearch/genomes/IN_PROGRESS/common_mappings/PipelineTB/v2/G71/78/78	PRJNA975605	SRR24710156	L2	L2.2.1/Central_Asia	2020-01-01 00:00:00.000	Kazakhstan
G42642	/scicore/home/gagneux/GROUP/tbresearch/genomes/IN_PROGRESS/common_mappings/PipelineTB/v2/G42/64/2	PRJEB39561	ERR11243582	L4	L4.2.1	2014-01-01 00:00:00.000	Georgia
G03019	/scicore/home/gagneux/GROUP/tbresearch/genomes/IN_PROGRESS/common_mappings/PipelineTB/v2/G03/01/9	PRJEB50999	ERR8773745;ERR8773744	L2	L2.2.1/Central_Asia		Georgia
G47811	/scicore/home/gagneux/GROUP/tbresearch/genomes/IN_PROGRESS/common_mappings/PipelineTB/v2/G47/81/1			L2	L2.2.1	2011-04-05 00:00:00.000	South Africa
G714910	/scicore/home/gagneux/GROUP/tbresearch/genomes/IN_PROGRESS/common_mappings/PipelineTB/v2/G71/49/10	PRJEB44577	ERR8975549	L4	L4.1.2		South Africa
G736956	/scicore/home/gagneux/GROUP/tbresearch/genomes/IN_PROGRESS/common_mappings/PipelineTB/v2/G73/69/56	PRJEB41239	ERR4827565	L4	L4.8		Germany
G737446	/scicore/home/gagneux/GROUP/tbresearch/genomes/IN_PROGRESS/common_mappings/PipelineTB/v2/G73/74/46	PRJEB41239	ERR4827591	L2	L2.2.1/Central_Asia/Central_Asia_outbreak		Germany
G726812	/scicore/home/gagneux/GROUP/tbresearch/genomes/IN_PROGRESS/common_mappings/PipelineTB/v2/G72/68/12	PRJEB41201	ERR4817432	L4	L4.1.1.3		United Kingdom
G721041	/scicore/home/gagneux/GROUP/tbresearch/genomes/IN_PROGRESS/common_mappings/PipelineTB/v2/G72/10/41	PRJEB32234	ERR3287878	L4	L4.1.2.1		Peru
G760680	/scicore/home/gagneux/GROUP/tbresearch/genomes/IN_PROGRESS/common_mappings/PipelineTB/v2/G76/06/80	PRJNA1074793	SRR28706560	L2	L2.2.1/Central_Asia	2022-01-01 00:00:00.000	Kazakhstan
G755336	/scicore/home/gagneux/GROUP/tbresearch/genomes/IN_PROGRESS/common_mappings/PipelineTB/v2/G75/53/36	PRJNA766641	SRR21710656	L4	L4.3.3	2019-01-01 00:00:00.000	United States of America
G734575	/scicore/home/gagneux/GROUP/tbresearch/genomes/IN_PROGRESS/common_mappings/PipelineTB/v2/G73/45/75	PRJEB26002	ERR2517469	L1	L1.2.1		Netherlands
G42545	/scicore/home/gagneux/GROUP/tbresearch/genomes/IN_PROGRESS/common_mappings/PipelineTB/v2/G42/54/5	PRJEB50582	ERR11243647	L2	L2.2.1/Central_Asia	2016-01-01 00:00:00.000	Georgia
G759929	/scicore/home/gagneux/GROUP/tbresearch/genomes/IN_PROGRESS/common_mappings/PipelineTB/v2/G75/99/29	PRJNA1074785	SRR29539667	L2	L2.2.1/Europe_Russia_W148_Outbreak	2021-01-01 00:00:00.000	Ukraine
G11233	/scicore/home/gagneux/GROUP/tbresearch/genomes/IN_PROGRESS/common_mappings/PipelineTB/v2/G11/23/3		SRR1159279;SRR1159003	L2	L2.2.1/Europe_Russia_W148_Outbreak		Belarus
G727343	/scicore/home/gagneux/GROUP/tbresearch/genomes/IN_PROGRESS/common_mappings/PipelineTB/v2/G72/73/43	PRJEB41201	ERR4818102	L4	L4.8		United Kingdom
G711981	/scicore/home/gagneux/GROUP/tbresearch/genomes/IN_PROGRESS/common_mappings/PipelineTB/v2/G71/19/81	PRJNA874331	SRR21276928	L2	L2.2.1.1/Pacific_RD150	2013-01-01 00:00:00.000	China
G718990	/scicore/home/gagneux/GROUP/tbresearch/genomes/IN_PROGRESS/common_mappings/PipelineTB/v2/G71/89/90	PRJNA834606	SRR19303924	L4	L4.1.2.1	2020-05-27 00:00:00.000	Italy
G757307	/scicore/home/gagneux/GROUP/tbresearch/genomes/IN_PROGRESS/common_mappings/PipelineTB/v2/G75/73/07	PRJNA766641	SRR28409596	L4	L4.1.2.1	2019-01-01 00:00:00.000	United States of America
G41249	/scicore/home/gagneux/GROUP/tbresearch/genomes/IN_PROGRESS/common_mappings/PipelineTB/v2/G41/24/9		SRR7236186	La1	La1.8.1		Mexico
G734486	/scicore/home/gagneux/GROUP/tbresearch/genomes/IN_PROGRESS/common_mappings/PipelineTB/v2/G73/44/86	PRJEB26002	ERR2517147	L4	L4.2.2		Netherlands
G745066	/scicore/home/gagneux/GROUP/tbresearch/genomes/IN_PROGRESS/common_mappings/PipelineTB/v2/G74/50/66	PRJNA302362	SRR7070324	L3	L3.1.1	2016-09-09 00:00:00.000	United Kingdom
G751616	/scicore/home/gagneux/GROUP/tbresearch/genomes/IN_PROGRESS/common_mappings/PipelineTB/v2/G75/16/16	PRJNA736718	SRR14807534	L4	L4.2.1	2018-01-08 00:00:00.000	Moldova
G732731	/scicore/home/gagneux/GROUP/tbresearch/genomes/IN_PROGRESS/common_mappings/PipelineTB/v2/G73/27/31	PRJEB41242	ERR4828895	L4	L4.8		Italy
G30703	/scicore/home/gagneux/GROUP/tbresearch/genomes/IN_PROGRESS/common_mappings/PipelineTB/v2/G30/70/3		SRR6896538	L4	L4		South Africa
G717153	/scicore/home/gagneux/GROUP/tbresearch/genomes/IN_PROGRESS/common_mappings/PipelineTB/v2/G71/71/53	PRJEB41199	ERR4813301	L4	L4.3.4.1		Peru
G65014	/scicore/home/gagneux/GROUP/tbresearch/genomes/IN_PROGRESS/common_mappings/PipelineTB/v2/G65/01/4		ERR3559819	L2	L2.2.1	2018-01-01 00:00:00.000	China
G755934	/scicore/home/gagneux/GROUP/tbresearch/genomes/IN_PROGRESS/common_mappings/PipelineTB/v2/G75/59/34	PRJNA766641	SRR24799283	L3	L3	2023-01-01 00:00:00.000	United States of America
G51677	/scicore/home/gagneux/GROUP/tbresearch/genomes/IN_PROGRESS/common_mappings/PipelineTB/v2/G51/67/7		SRR6936761	L2	L2.2.1/Europe_Russia_W148_Outbreak		Belarus
G11308	/scicore/home/gagneux/GROUP/tbresearch/genomes/IN_PROGRESS/common_mappings/PipelineTB/v2/G11/30/8		SRR1163310;SRR1163023	L2	L2.2.1/Europe_Russia_W148_Outbreak		Belarus
G07835	/scicore/home/gagneux/GROUP/tbresearch/genomes/IN_PROGRESS/common_mappings/PipelineTB/v2/G07/83/5	PRJEB39561	ERR5863784;ERR5863782;ERR5863783	L2	L2.2.1/Europe_Russia_W148_Outbreak	2015-01-01 00:00:00.000	Georgia
G15948	/scicore/home/gagneux/GROUP/tbresearch/genomes/IN_PROGRESS/common_mappings/PipelineTB/v2/G15/94/8		SRR2101813	L4	L4.1.1.3		South Africa
G716502	/scicore/home/gagneux/GROUP/tbresearch/genomes/IN_PROGRESS/common_mappings/PipelineTB/v2/G71/65/02	PRJEB41199	ERR4812650	L4	L4.1.1		Peru
G701821	/scicore/home/gagneux/GROUP/tbresearch/genomes/IN_PROGRESS/common_mappings/PipelineTB/v2/G70/18/21	PRJEB53138	ERR9786653	L4	L4.3.2	2013-02-25 00:00:00.000	The Gambia
G705290	/scicore/home/gagneux/GROUP/tbresearch/genomes/IN_PROGRESS/common_mappings/PipelineTB/v2/G70/52/90	PRJEB41116	ERR4800677	L4	L4.3.3		India
G733271	/scicore/home/gagneux/GROUP/tbresearch/genomes/IN_PROGRESS/common_mappings/PipelineTB/v2/G73/32/71	PRJEB41242	ERR4828982	L4	L4.1		Italy
G50287	/scicore/home/gagneux/GROUP/tbresearch/genomes/IN_PROGRESS/common_mappings/PipelineTB/v2/G50/28/7	PRJNA482716	SRR7755739	L2	L2.2.1/Central_Asia	2014-01-01 00:00:00.000	Moldova
G726059	/scicore/home/gagneux/GROUP/tbresearch/genomes/IN_PROGRESS/common_mappings/PipelineTB/v2/G72/60/59	PRJEB41201	ERR4815830	L6	L6.1.2		United Kingdom
G722623	/scicore/home/gagneux/GROUP/tbresearch/genomes/IN_PROGRESS/common_mappings/PipelineTB/v2/G72/26/23	PRJEB25972	ERR2510276	L3	L3		Pakistan
G730445	/scicore/home/gagneux/GROUP/tbresearch/genomes/IN_PROGRESS/common_mappings/PipelineTB/v2/G73/04/45	PRJEB41201	ERR4820722	L4	L4		United Kingdom
G36537	/scicore/home/gagneux/GROUP/tbresearch/genomes/IN_PROGRESS/common_mappings/PipelineTB/v2/G36/53/7		SRR5657493	La1	La1.8.1	2015-01-01 00:00:00.000	Mexico
G723705	/scicore/home/gagneux/GROUP/tbresearch/genomes/IN_PROGRESS/common_mappings/PipelineTB/v2/G72/37/05			L2	L2.2.1/Central_Asia		Georgia
G705644	/scicore/home/gagneux/GROUP/tbresearch/genomes/IN_PROGRESS/common_mappings/PipelineTB/v2/G70/56/44	PRJEB41116	ERR4796571	L4	L4.8		India
G61185	/scicore/home/gagneux/GROUP/tbresearch/genomes/IN_PROGRESS/common_mappings/PipelineTB/v2/G61/18/5		DRR185045	L4	L4.5		Vietnam
G719117	/scicore/home/gagneux/GROUP/tbresearch/genomes/IN_PROGRESS/common_mappings/PipelineTB/v2/G71/91/17	PRJNA834606	SRR19304051	L4	L4.1.2.1	2017-09-23 00:00:00.000	Italy
G722486	/scicore/home/gagneux/GROUP/tbresearch/genomes/IN_PROGRESS/common_mappings/PipelineTB/v2/G72/24/86	PRJEB41191	ERR4809308	L2	L2.2.1		South Africa
G758718	/scicore/home/gagneux/GROUP/tbresearch/genomes/IN_PROGRESS/common_mappings/PipelineTB/v2/G75/87/18	PRJNA766641	SRR30443622	L4	L4.3.3	2024-01-01 00:00:00.000	United States of America
G743552	/scicore/home/gagneux/GROUP/tbresearch/genomes/IN_PROGRESS/common_mappings/PipelineTB/v2/G74/35/52	PRJEB5162	ERR400508	L3	L3	2012-01-01 00:00:00.000	United Kingdom
G745268	/scicore/home/gagneux/GROUP/tbresearch/genomes/IN_PROGRESS/common_mappings/PipelineTB/v2/G74/52/68	PRJNA302362	SRR7069449	L4	L4.4.2	2016-02-09 00:00:00.000	United Kingdom
G734130	/scicore/home/gagneux/GROUP/tbresearch/genomes/IN_PROGRESS/common_mappings/PipelineTB/v2/G73/41/30	PRJEB41241	ERR4828423	L1	L1.2.1		Vietnam
G19987	/scicore/home/gagneux/GROUP/tbresearch/genomes/IN_PROGRESS/common_mappings/PipelineTB/v2/G19/98/7			L4	L4.3.2	2015-12-28 00:00:00.000	Democratic Republic of the Congo
G705187	/scicore/home/gagneux/GROUP/tbresearch/genomes/IN_PROGRESS/common_mappings/PipelineTB/v2/G70/51/87	PRJEB41116	ERR4800456	L3	L3		India
G23650	/scicore/home/gagneux/GROUP/tbresearch/genomes/IN_PROGRESS/common_mappings/PipelineTB/v2/G23/65/0		SRR5073955	L1	L1.1.1.1	2009-01-01 00:00:00.000	Vietnam
G741935	/scicore/home/gagneux/GROUP/tbresearch/genomes/IN_PROGRESS/common_mappings/PipelineTB/v2/G74/19/35	PRJEB44608	ERR5918002	L2	L2.2.2/Asia_Ancestral1		South Africa
G728237	/scicore/home/gagneux/GROUP/tbresearch/genomes/IN_PROGRESS/common_mappings/PipelineTB/v2/G72/82/37	PRJEB41201	ERR4819252	L4	L4.6.2.2		United Kingdom
G705200	/scicore/home/gagneux/GROUP/tbresearch/genomes/IN_PROGRESS/common_mappings/PipelineTB/v2/G70/52/00	PRJEB41116	ERR4800478	L2	L2.2.1		India
G740599	/scicore/home/gagneux/GROUP/tbresearch/genomes/IN_PROGRESS/common_mappings/PipelineTB/v2/G74/05/99	PRJEB41194	ERR4810801	L2	L2.2.1/Asia_African3		Unknown
G740173	/scicore/home/gagneux/GROUP/tbresearch/genomes/IN_PROGRESS/common_mappings/PipelineTB/v2/G74/01/73	PRJEB40777	ERR4872128	L4	L4.6.1.2	2013-01-01 00:00:00.000	Cameroon
G752575	/scicore/home/gagneux/GROUP/tbresearch/genomes/IN_PROGRESS/common_mappings/PipelineTB/v2/G75/25/75	PRJNA736718	SRR14801597	L2	L2.2.1/Central_Asia	2018-05-22 00:00:00.000	Moldova
G754491	/scicore/home/gagneux/GROUP/tbresearch/genomes/IN_PROGRESS/common_mappings/PipelineTB/v2/G75/44/91	PRJNA766641	SRR21659032	L2	L2.2.1	2016-01-01 00:00:00.000	United States of America
G02903	/scicore/home/gagneux/GROUP/tbresearch/genomes/IN_PROGRESS/common_mappings/PipelineTB/v2/G02/90/3	PRJEB39561	ERR5863596;ERR5863595	L2	L2.2.1/Europe_Russia_W148_Outbreak		Georgia
